text,label
"Universal healthcare ensures everyone has access to medical treatment regardless of income.",left
"Lower taxes allow businesses to create jobs and stimulate economic growth.",right
"The data shows a 2.3% increase in GDP according to the latest economic report.",center
"Workers deserve better wages and the right to unionize for collective bargaining.",left
"Traditional family values and religious freedom are the foundation of our society.",right
"Research indicates that policy outcomes depend on multiple factors and context.",center
"Climate change requires immediate government action and investment in renewable energy.",left
"The free market and competition drive innovation better than government intervention.",right
"Studies suggest both approaches have merits and limitations worth considering.",center
"Systemic racism must be addressed through comprehensive reform and reparations.",left
